"Jelentés kezdete","Jelentés vége","Hirdetés neve",Hirdetésmegjelenítés,Eredmények,"Eredmény jelzése","Eredményenkénti költség","Hirdetéssorozat költségkerete","Hirdetéssorozat költségkeretének típusa","Elköltött összeg (HUF)",Megjelenések,Elérés,Gyakoriság,"CPM (1000 megjelenésre jutó költség) (HUF)",Vásárlások,Vége,"Hozzárendelés beállítása",Licitösszeg,Licittípus,"A legutóbbi jelentős módosítás","Minőségi rangsorolás","Aktivitási arányszám szerinti rangsorolás","Konverziós arány szerinti rangsorolás","Hirdetéssorozat neve","Vásárlási hirdetésmegtérülés (ROAS)"  
2023-06-17,2026-07-17,épületkarbantartó,not\_delivering,33,actions:leadgen.other,126.03030303,"Kampányszintű költségkeret használata",0,4159,6316,2576,2.451863,658.486384,,2025-02-21,"7 napos kattintásos vagy 1 napos megtekintéses",0,ABSOLUTE\_OCPM,2025-02-14T18:03:55+0100,–,–,–,"Siófok +15km",  
2023-06-17,2026-07-17,2025\_07,active,,,,1500,Napi,124613,179611,103529,1.734886,693.79381,,folyamatban,"7 napos kattintásos, 1 napos megtekintéses vagy 1 napos aktivitásos–megtekintéses",0,ABSOLUTE\_OCPM,2025-07-04T09:35:10+0200,Átlagos,"Átlag feletti","Átlag alatti – a hirdetések alsó 20%-a",interest,  
2023-06-17,2026-07-17,"2025\_12 - penthouse - mikulás - 25e/fő - zöld - piros",not\_delivering,1,actions:offsite\_conversion.fb\_pixel\_purchase,5771,10000,Napi,5771,3531,2479,1.424365,1634.381195,1,2025-12-07,"7 napos kattintásos vagy 1 napos megtekintéses",0,ABSOLUTE\_OCPM,0,–,–,–,"Penthouse (100e) - 12.05-06 -\> 25e/fő - v2",17.310691  
2023-06-17,2026-07-17,"2025\_12 - penthouse - mikulás - 25e/fő - zöld",not\_delivering,1,actions:offsite\_conversion.fb\_pixel\_purchase,14921,10000,Napi,14921,9956,7315,1.361039,1498.694255,1,2025-12-07,"7 napos kattintásos vagy 1 napos megtekintéses",0,ABSOLUTE\_OCPM,0,–,–,–,"Penthouse (100e) - 12.05-06 -\> 25e/fő - v2",6.695262  
2023-06-17,2026-07-17,"2025\_12 - AI video",not\_delivering,5,actions:offsite\_conversion.fb\_pixel\_purchase,30541.2,2000,Napi,152706,159600,66419,2.402927,956.804511,5,folyamatban,"7 napos kattintásos vagy 1 napos megtekintéses",0,ABSOLUTE\_OCPM,2025-12-25T00:21:02+0100,–,–,–,"szerelmesek (60e) - AI video",2.227155  
2023-06-17,2026-07-17,"2025\_12 - lastminute",not\_delivering,19,actions:offsite\_conversion.fb\_pixel\_add\_to\_cart,72.21052632,"Kampányszintű költségkeret használata",0,1372,2214,1837,1.205226,619.692864,,folyamatban,"7 napos kattintásos, 1 napos megtekintéses vagy 1 napos aktivitásos–megtekintéses",0,ABSOLUTE\_OCPM,2026-02-13T13:34:34+0100,–,–,–,"lastminute 39e",  
2023-06-17,2026-07-17,"2025\_12 - karácsonyi penthouse",not\_delivering,348,actions:link\_click,17.07758621,5000,Napi,5943,12890,10977,1.174273,461.055081,,2025-12-20,"7 napos kattintásos vagy 1 napos megtekintéses",0,ABSOLUTE\_OCPM,2025-12-19T14:02:20+0100,–,–,–,"2025\_12\_karácsonyi\_ Penthouse (100e) - - Copy",  
2023-06-17,2026-07-17,"2025\_12 - karácsonyi szerelmesek",not\_delivering,305,actions:link\_click,19.23606557,5000,Napi,5867,17670,15385,1.148521,332.031692,,2025-12-20,"7 napos kattintásos vagy 1 napos megtekintéses",0,ABSOLUTE\_OCPM,2025-12-19T14:02:20+0100,–,–,–,"2025\_12\_karácsonyi szerelmesek (55e) - Copy",  
2023-06-17,2026-07-17,"2026\_02 valentin - 59.900",not\_delivering,3,actions:offsite\_conversion.fb\_pixel\_purchase,27753.33333333,18000,Napi,83260,77580,49023,1.582522,1073.214746,3,2026-02-15,"7 napos kattintásos vagy 1 napos megtekintéses",0,ABSOLUTE\_OCPM,2026-02-13T13:35:26+0100,–,–,–,"2026\_02 - szerelmesek - 60e",4.56762  
2023-06-17,2026-07-17,"New Engagement Ad",not\_delivering,195,actions:post\_engagement,25.4974359,5000,Élettartam,4972,8595,8282,1.037793,578.475858,,2026-03-08,"7 napos kattintásos vagy 1 napos megtekintéses",0,ABSOLUTE\_OCPM,0,–,–,–,89e,  
2023-06-17,2026-07-17,"2026\_03 szerelmesek 70e",not\_delivering,270,actions:post\_engagement,20.31851852,5500,Élettartam,5486,12971,11300,1.147876,422.943489,,2026-03-20,"7 napos kattintásos vagy 1 napos megtekintéses",0,ABSOLUTE\_OCPM,2026-03-19T16:07:19+0100,–,–,–,"2026\_03 szerelmesek 70e",  
2023-06-17,2026-07-17,"2026\_03 szerelmesek 70e",not\_delivering,2022,actions:post\_engagement,19.77992087,40000,Élettartam,39995,133667,92868,1.439322,299.213718,,2026-05-15,"7 napos kattintásos vagy 1 napos megtekintéses",0,ABSOLUTE\_OCPM,2026-05-13T16:51:02+0200,–,–,–,"2026\_04 szerelmesek es hajo",  
2023-06-17,2026-07-17,"kep-piknik 25.900 ft",inactive,14,actions:landing\_page\_view,17.64285714,700,Napi,247,666,561,1.187166,370.870871,,folyamatban,"7 napos kattintásos vagy 1 napos megtekintéses",0,ABSOLUTE\_OCPM,2026-06-12T22:48:14+0200,–,–,–,"Interest - Budapestig",  
2023-06-17,2026-07-17,"image - privatstrand",active,3,actions:offsite\_conversion.fb\_pixel\_purchase,10448.33333333,1500,Napi,31345,32658,12244,2.667266,959.795456,3,folyamatban,"7 napos kattintásos vagy 1 napos megtekintéses",0,ABSOLUTE\_OCPM,2026-06-26T20:48:25+0200,"Átlag feletti",–,–,"Privát strand",8.58893  
2023-06-17,2026-07-17,royal6,not\_delivering,,,,2500,Napi,847,671,492,1.363821,1262.295082,,folyamatban,"7 napos kattintásos vagy 1 napos megtekintéses",0,ABSOLUTE\_OCPM,2026-07-07T10:09:40+0200,–,–,–,"Legyél te a kapitány",  
2023-06-17,2026-07-17,royal5,not\_delivering,3,actions:offsite\_conversion.fb\_pixel\_purchase,7344,2500,Napi,22032,28477,12707,2.241048,773.677002,3,folyamatban,"7 napos kattintásos vagy 1 napos megtekintéses",0,ABSOLUTE\_OCPM,2026-07-07T10:09:40+0200,Átlagos,–,–,"Legyél te a kapitány",4.783951  
2023-06-17,2026-07-17,royal4,active,,,,1500,Napi,31283,30613,10802,2.834012,1021.886127,,folyamatban,"7 napos kattintásos vagy 1 napos megtekintéses",0,ABSOLUTE\_OCPM,2026-06-30T00:55:51+0200,Átlagos,–,–,"Penthouse 5% kedvezmeny",  
2023-06-17,2026-07-17,"royal1 copy 6",active,,,,1000,Napi,8762,7411,3970,1.866751,1182.296586,,folyamatban,"7 napos kattintásos vagy 1 napos megtekintéses",0,ABSOLUTE\_OCPM,2026-07-07T11:46:35+0200,Átlagos,–,–,"10 fős hajós élmény",  
2023-06-17,2026-07-17,"royal1 copy 7",active,,,,1000,Napi,1623,1180,786,1.501272,1375.423729,,folyamatban,"7 napos kattintásos vagy 1 napos megtekintéses",0,ABSOLUTE\_OCPM,2026-07-07T11:46:35+0200,–,–,–,"10 fős hajós élmény",  
2023-06-17,2026-07-17,"07.124 byealex",active,32,actions:link\_click,32.53125,15000,Élettartam,1041,2137,1391,1.536305,487.131493,,2026-07-24,"7 napos kattintásos vagy 1 napos megtekintéses",0,ABSOLUTE\_OCPM,2026-07-17T12:59:16+0200,–,–,–,"07.24 byealex",  
2023-06-17,2026-07-17,royal\_k10\_3\_1080x1080,active,,,,2000,Napi,457,546,515,1.060194,836.996337,,folyamatban,"7 napos kattintásos vagy 1 napos megtekintéses",0,ABSOLUTE\_OCPM,2026-07-17T15:45:02+0200,–,–,–,"Penthouse csomag - 159.900 Ft",  
2023-06-17,2026-07-17,royal\_k10\_6\_1080x1080,active,,,,2000,Napi,43,56,53,1.056604,767.857143,,folyamatban,"7 napos kattintásos vagy 1 napos megtekintéses",0,ABSOLUTE\_OCPM,2026-07-17T15:45:02+0200,–,–,–,"Penthouse csomag - 159.900 Ft",  
2023-06-17,2026-07-17,royal\_k10\_8\_1080x1080,active,,,,2000,Napi,2,6,6,1,333.333333,,folyamatban,"7 napos kattintásos vagy 1 napos megtekintéses",0,ABSOLUTE\_OCPM,2026-07-17T15:45:02+0200,–,–,–,"Penthouse csomag - 159.900 Ft",  
2023-06-17,2026-07-17,royal\_k10\_9\_1080x1080,active,,,,2000,Napi,21,26,24,1.083333,807.692308,,folyamatban,"7 napos kattintásos vagy 1 napos megtekintéses",0,ABSOLUTE\_OCPM,2026-07-17T15:45:02+0200,–,–,–,"Penthouse csomag - 159.900 Ft",  
2023-06-17,2026-07-17,royal\_k10\_10\_1080x1080,active,,,,2000,Napi,57,18,18,1,3166.666667,,folyamatban,"7 napos kattintásos vagy 1 napos megtekintéses",0,ABSOLUTE\_OCPM,2026-07-17T15:45:02+0200,–,–,–,"Penthouse csomag - 159.900 Ft",  
2023-06-17,2026-07-17,alwayson\_2021\_boostolt,inactive,2800,actions:link\_click,10.84714286,500,Napi,30372,90109,48140,1.871811,337.058451,,folyamatban,"7 napos kattintásos vagy 1 napos megtekintéses",0,ABSOLUTE\_OCPM,2026-03-19T01:52:21+0100,–,–,–,"2025\_AlwaysON - boost\_kep",  
2023-06-17,2026-07-17,2025\_alwayson\_kép,not\_delivering,2409,actions:link\_click,32.09879618,500,Napi,77326,182663,105955,1.723968,423.326016,,folyamatban,"7 napos kattintásos vagy 1 napos megtekintéses",0,ABSOLUTE\_OCPM,2026-03-19T01:52:21+0100,–,–,–,"2025\_AlwaysON - boost\_kep",  
2023-06-17,2026-07-17,2025\_alwayson\_kép\_v2,not\_delivering,22936,actions:link\_click,25.47693582,500,Napi,584339,1591054,589168,2.70051,367.265347,2,folyamatban,"7 napos kattintásos vagy 1 napos megtekintéses",0,ABSOLUTE\_OCPM,2026-03-19T01:52:21+0100,–,–,–,"2025\_AlwaysON - boost\_kep",0.068282  
2023-06-17,2026-07-17,video\_hajoberles,active,7214,actions:landing\_page\_view,27.24161353,700,Napi,196521,375339,208113,1.803535,523.582681,15,folyamatban,"7 napos kattintásos vagy 1 napos megtekintéses",0,ABSOLUTE\_OCPM,2026-06-12T22:48:14+0200,Átlagos,"Átlag feletti","Átlag feletti","Interest - Budapestig",1.033717  
2023-06-17,2026-07-17,2025\_12\_lastminute,not\_delivering,670,actions:post\_engagement,19.4,13000,Élettartam,12998,24199,22728,1.064722,537.129633,,2025-12-18,"7 napos kattintásos vagy 1 napos megtekintéses",0,ABSOLUTE\_OCPM,2025-12-17T15:21:57+0100,–,–,–,"2025\_12 lastminute",  
2023-06-17,2026-07-17,"2026 - romantika",not\_delivering,5,actions:offsite\_conversion.fb\_pixel\_purchase,14924,75000,Élettartam,74620,62151,33037,1.881254,1200.624286,5,2026-02-15,"7 napos kattintásos vagy 1 napos megtekintéses",0,ABSOLUTE\_OCPM,2026-02-13T13:35:26+0100,–,–,–,"2026\_02 - romantika - valentin (40e)",4.029751  
2023-06-17,2026-07-17,"2026\_02 csakma",not\_delivering,1,actions:offsite\_conversion.fb\_pixel\_purchase,21061,25000,Napi,21061,16501,11757,1.403504,1276.346888,1,2026-02-10,"7 napos kattintásos vagy 1 napos megtekintéses",0,ABSOLUTE\_OCPM,0,–,–,–,"2026\_02 - penthouse - valentin - csakma",4.268553  
2023-06-17,2026-07-17,"2026\_01 - 59.900",not\_delivering,2,actions:offsite\_conversion.fb\_pixel\_purchase,25287,17000,Napi,50574,46352,25368,1.827184,1091.085606,2,2026-03-08,"7 napos kattintásos vagy 1 napos megtekintéses",0,ABSOLUTE\_OCPM,2026-03-06T08:07:07+0100,–,–,–,"szerelmesek (nőnapi)",2.961996  
2023-06-17,2026-07-17,2026\_0nőnapi,not\_delivering,3,actions:offsite\_conversion.fb\_pixel\_purchase,16992.66666667,17000,Napi,50978,45919,26528,1.730964,1110.17226,3,2026-03-08,"7 napos kattintásos vagy 1 napos megtekintéses",0,ABSOLUTE\_OCPM,2026-03-06T08:11:14+0100,–,–,–,"Deluxe lakosztály (nőnapi)",6.675429  
2023-06-17,2026-07-17,"2026\_03 romantika es feltoltodes last minute 45e",not\_delivering,,,,4000,Napi,19834,20552,12572,1.634744,965.064227,,2026-03-23,"7 napos kattintásos vagy 1 napos megtekintéses",0,ABSOLUTE\_OCPM,2026-03-19T01:54:17+0100,–,–,–,"Romantika és feltöltődés (45e) - last minute",  
2023-06-17,2026-07-17,"2026\_04 - 19ig - Romantika és feltöltődés (55e)",not\_delivering,5,actions:offsite\_conversion.fb\_pixel\_purchase,10296.6,70000,Élettartam,51483,60823,34534,1.76125,846.439669,5,2026-04-19,"7 napos kattintásos vagy 1 napos megtekintéses",0,ABSOLUTE\_OCPM,2026-04-17T15:02:39+0200,–,–,–,"2026\_04 - 19ig - Romantika és feltöltődés (55e)",6.703184  
2023-06-17,2026-07-17,"2026\_05\_20 - Deluxe lakosztály (89e",not\_delivering,,,,40000,Élettartam,10491,9878,8831,1.11856,1062.057097,,2026-05-20,"7 napos kattintásos vagy 1 napos megtekintéses",0,ABSOLUTE\_OCPM,2026-05-20T15:19:02+0200,–,–,–,"2026\_05\_20 csak ma deluxe",  
2023-06-17,2026-07-17,"2026\_05\_20 - Deluxe lakosztályv2",not\_delivering,,,,40000,Élettartam,29472,31702,29993,1.05698,929.657435,,2026-05-20,"7 napos kattintásos vagy 1 napos megtekintéses",0,ABSOLUTE\_OCPM,2026-05-20T15:19:02+0200,–,–,–,"2026\_05\_20 csak ma deluxe",  
2023-06-17,2026-07-17,video\_lanyok,active,3333,actions:landing\_page\_view,17.75247525,700,Napi,59169,104925,60931,1.72203,563.917084,,folyamatban,"7 napos kattintásos vagy 1 napos megtekintéses",0,ABSOLUTE\_OCPM,2026-06-12T22:48:14+0200,"Átlag alatti – a hirdetések alsó 35%-a","Átlag feletti","Átlag feletti","Interest - Budapestig",  
2023-06-17,2026-07-17,"royal1 copy 7",not\_delivering,,,,1500,Napi,1067,1094,781,1.400768,975.319927,,folyamatban,"7 napos kattintásos vagy 1 napos megtekintéses",0,ABSOLUTE\_OCPM,2026-07-07T10:09:39+0200,–,–,–,"10 fős hajós élmény",  
2023-06-17,2026-07-17,"royal1 copy 6",not\_delivering,,,,1500,Napi,14805,13502,6087,2.21817,1096.504222,,folyamatban,"7 napos kattintásos vagy 1 napos megtekintéses",0,ABSOLUTE\_OCPM,2026-07-07T10:09:39+0200,Átlagos,–,–,"10 fős hajós élmény",  
2023-06-17,2026-07-17,"07.18 halottpénz",active,145,actions:link\_click,35.85517241,10000,Élettartam,5199,9163,5494,1.667819,567.390593,,2026-07-18,"7 napos kattintásos vagy 1 napos megtekintéses",0,ABSOLUTE\_OCPM,2026-07-17T20:34:04+0200,–,–,–,"07.18 halottpénz",  
2023-06-17,2026-07-17,royal\_k10\_9\_1080x1080,not\_delivering,,,,3000,Napi,0,0,0,0,0,,folyamatban,"7 napos kattintásos vagy 1 napos megtekintéses",0,ABSOLUTE\_OCPM,2026-07-17T15:37:33+0200,–,–,–,"allin kreatívok",  
2023-06-17,2026-07-17,royal\_k10\_6\_1080x1080,not\_delivering,,,,3000,Napi,0,0,0,0,0,,folyamatban,"7 napos kattintásos vagy 1 napos megtekintéses",0,ABSOLUTE\_OCPM,2026-07-17T15:37:33+0200,–,–,–,"allin kreatívok",  
2023-06-17,2026-07-17,royal\_k10\_3\_1080x1080,not\_delivering,,,,3000,Napi,0,0,0,0,0,,folyamatban,"7 napos kattintásos vagy 1 napos megtekintéses",0,ABSOLUTE\_OCPM,2026-07-17T15:37:33+0200,–,–,–,"allin kreatívok",  
2023-06-17,2026-07-17,royal\_k10\_8\_1080x1080,not\_delivering,,,,3000,Napi,0,0,0,0,0,,folyamatban,"7 napos kattintásos vagy 1 napos megtekintéses",0,ABSOLUTE\_OCPM,2026-07-17T15:37:33+0200,–,–,–,"allin kreatívok",  
2023-06-17,2026-07-17,royal\_k10\_10\_1080x1080,not\_delivering,,,,3000,Napi,0,0,0,0,0,,folyamatban,"7 napos kattintásos vagy 1 napos megtekintéses",0,ABSOLUTE\_OCPM,2026-07-17T15:37:33+0200,–,–,–,"allin kreatívok",  
2023-06-17,2026-07-17,royal\_k1\_6\_1080x1080,active,,,,3000,Napi,678,886,819,1.081807,765.23702,,folyamatban,"7 napos kattintásos vagy 1 napos megtekintéses",0,ABSOLUTE\_OCPM,2026-07-17T15:47:48+0200,–,–,–,"Szerelmesek csomagja v2 (69.900)",  
2023-06-17,2026-07-17,royal\_k1\_1\_1080x1080,active,,,,3000,Napi,4,6,6,1,666.666667,,folyamatban,"7 napos kattintásos vagy 1 napos megtekintéses",0,ABSOLUTE\_OCPM,2026-07-17T15:47:48+0200,–,–,–,"Szerelmesek csomagja v2 (69.900)",  
2023-06-17,2026-07-17,royal\_k1\_5\_1080x1080,active,,,,3000,Napi,492,836,780,1.071795,588.516746,,folyamatban,"7 napos kattintásos vagy 1 napos megtekintéses",0,ABSOLUTE\_OCPM,2026-07-17T15:47:48+0200,–,–,–,"Szerelmesek csomagja v2 (69.900)",  
2023-06-17,2026-07-17,2024\_10\_video\_3,inactive,,,,500,Napi,0,0,0,0,0,,folyamatban,"7 napos kattintásos, 1 napos megtekintéses vagy 1 napos aktivitásos–megtekintéses",0,ABSOLUTE\_OCPM,2025-01-14T13:29:31+0100,–,–,–,"Feltöltődés (45e) - Copy 2",  
2023-06-17,2026-07-17,"2024\_05\_50ks\_ackio - Copy",inactive,,,,500,Napi,0,0,0,0,0,,folyamatban,"7 napos kattintásos, 1 napos megtekintéses vagy 1 napos aktivitásos–megtekintéses",0,ABSOLUTE\_OCPM,2025-01-14T13:29:31+0100,–,–,–,"Feltöltődés (45e) - Copy 2",  
2023-06-17,2026-07-17,09\_oszikedvezmenyes,inactive,,,,500,Napi,0,0,0,0,0,,folyamatban,"7 napos kattintásos, 1 napos megtekintéses vagy 1 napos aktivitásos–megtekintéses",0,ABSOLUTE\_OCPM,2025-01-14T13:29:31+0100,–,–,–,"Feltöltődés (45e) - Copy 2",  
2023-06-17,2026-07-17,"11\_BF\_galeria – másolat",inactive,,,,500,Napi,0,0,0,0,0,,folyamatban,"7 napos kattintásos, 1 napos megtekintéses vagy 1 napos aktivitásos–megtekintéses",0,ABSOLUTE\_OCPM,2025-01-14T13:29:31+0100,–,–,–,"Feltöltődés (45e) - Copy 2",  
2023-06-17,2026-07-17,2024\_12\_szerelmesek(60e),inactive,,,,500,Napi,0,0,0,0,0,,folyamatban,"7 napos kattintásos, 1 napos megtekintéses vagy 1 napos aktivitásos–megtekintéses",0,ABSOLUTE\_OCPM,2025-01-14T13:29:31+0100,–,–,–,"Feltöltődés (45e) - Copy 2",  
2023-06-17,2026-07-17,2024\_10\_video\_1,inactive,,,,500,Napi,0,0,0,0,0,,folyamatban,"7 napos kattintásos, 1 napos megtekintéses vagy 1 napos aktivitásos–megtekintéses",0,ABSOLUTE\_OCPM,2025-01-14T13:29:31+0100,–,–,–,"Feltöltődés (45e) - Copy 2",  
2023-06-17,2026-07-17,nyugodt\_pihenes,inactive,,,,500,Napi,0,0,0,0,0,,folyamatban,"7 napos kattintásos, 1 napos megtekintéses vagy 1 napos aktivitásos–megtekintéses",0,ABSOLUTE\_OCPM,2025-01-14T13:29:31+0100,–,–,–,"Feltöltődés (45e) - Copy 2",  
2023-06-17,2026-07-17,2024\_02\_valentin\_utolsó,inactive,,,,500,Napi,0,0,0,0,0,,folyamatban,"7 napos kattintásos, 1 napos megtekintéses vagy 1 napos aktivitásos–megtekintéses",0,ABSOLUTE\_OCPM,2025-01-14T13:29:31+0100,–,–,–,"Feltöltődés (45e) - Copy 2",  
2023-06-17,2026-07-17,2024\_10\_video\_2,inactive,,,,500,Napi,0,0,0,0,0,,folyamatban,"7 napos kattintásos, 1 napos megtekintéses vagy 1 napos aktivitásos–megtekintéses",0,ABSOLUTE\_OCPM,2025-01-14T13:29:31+0100,–,–,–,"Feltöltődés (45e) - Copy 2",  
2023-06-17,2026-07-17,"11\_BF\_30e – másolat",inactive,,,,500,Napi,0,0,0,0,0,,folyamatban,"7 napos kattintásos, 1 napos megtekintéses vagy 1 napos aktivitásos–megtekintéses",0,ABSOLUTE\_OCPM,2025-01-14T13:29:31+0100,–,–,–,"Feltöltődés (45e) - Copy 2",  
2023-06-17,2026-07-17,"2024\_12\_penthouse(140e) - karácsonyi",inactive,,,,500,Napi,0,0,0,0,0,,folyamatban,"7 napos kattintásos, 1 napos megtekintéses vagy 1 napos aktivitásos–megtekintéses",0,ABSOLUTE\_OCPM,2025-01-14T13:29:31+0100,–,–,–,"Feltöltődés (45e) - Copy 2",  
2023-06-17,2026-07-17,"2023\_karacsony\_35e – másolat",inactive,,,,500,Napi,0,0,0,0,0,,folyamatban,"7 napos kattintásos, 1 napos megtekintéses vagy 1 napos aktivitásos–megtekintéses",0,ABSOLUTE\_OCPM,2025-01-14T13:29:31+0100,–,–,–,"Feltöltődés (45e) - Copy 2",  
2023-06-17,2026-07-17,2024\_10\_video\_4,inactive,,,,500,Napi,0,0,0,0,0,,folyamatban,"7 napos kattintásos, 1 napos megtekintéses vagy 1 napos aktivitásos–megtekintéses",0,ABSOLUTE\_OCPM,2025-01-14T13:29:31+0100,–,–,–,"Feltöltődés (45e) - Copy 2",  
2023-06-17,2026-07-17,"2024\_06\_szerelmesek\_55e - Copy",inactive,,,,500,Napi,0,0,0,0,0,,folyamatban,"7 napos kattintásos, 1 napos megtekintéses vagy 1 napos aktivitásos–megtekintéses",0,ABSOLUTE\_OCPM,2025-01-14T13:29:31+0100,–,–,–,"Feltöltődés (45e) - Copy 2",  
2023-06-17,2026-07-17,"2024\_12\_feltöltődés(45e) - karácsonyi",inactive,433,actions:offsite\_conversion.fb\_pixel\_add\_to\_cart,119.93764434,500,Napi,51933,189301,87950,2.152371,274.340865,,folyamatban,"7 napos kattintásos, 1 napos megtekintéses vagy 1 napos aktivitásos–megtekintéses",0,ABSOLUTE\_OCPM,2025-01-14T13:29:31+0100,–,–,–,"Feltöltődés (45e) - Copy 2",  
2023-06-17,2026-07-17,"2024\_06\_egeszseg\_55e - Copy",inactive,,,,500,Napi,0,0,0,0,0,,folyamatban,"7 napos kattintásos, 1 napos megtekintéses vagy 1 napos aktivitásos–megtekintéses",0,ABSOLUTE\_OCPM,2025-01-14T13:29:31+0100,–,–,–,"Feltöltődés (45e) - Copy 2",  
2023-06-17,2026-07-17,"2023\_karacsony\_galeria – másolat",inactive,,,,500,Napi,0,0,0,0,0,,folyamatban,"7 napos kattintásos, 1 napos megtekintéses vagy 1 napos aktivitásos–megtekintéses",0,ABSOLUTE\_OCPM,2025-01-14T13:29:31+0100,–,–,–,"Feltöltődés (45e) - Copy 2",  
2023-06-17,2026-07-17,"2024\_06\_galeria - Copy",inactive,,,,500,Napi,0,0,0,0,0,,folyamatban,"7 napos kattintásos, 1 napos megtekintéses vagy 1 napos aktivitásos–megtekintéses",0,ABSOLUTE\_OCPM,2025-01-14T13:29:31+0100,–,–,–,"Feltöltődés (45e) - Copy 2",  
2023-06-17,2026-07-17,"2024\_12\_feltöltődés(45e) - karácsonyi\_V2",inactive,6,actions:offsite\_conversion.fb\_pixel\_add\_to\_cart,216,500,Napi,1296,3575,2720,1.314338,362.517483,,folyamatban,"7 napos kattintásos, 1 napos megtekintéses vagy 1 napos aktivitásos–megtekintéses",0,ABSOLUTE\_OCPM,2025-01-14T13:29:31+0100,–,–,–,"Feltöltődés (45e) - Copy 2",  
2023-06-17,2026-07-17,2025\_03\_boostollt,not\_delivering,383,actions:offsite\_conversion.fb\_pixel\_add\_to\_cart,65.96866841,500,Napi,25266,90517,46156,1.96111,279.129887,1,folyamatban,"7 napos kattintásos, 1 napos megtekintéses vagy 1 napos aktivitásos–megtekintéses",0,ABSOLUTE\_OCPM,2025-01-14T13:29:31+0100,–,–,–,"Feltöltődés (45e) - Copy 2",1.802778  
2023-06-17,2026-07-17,"New Engagement Ad",not\_delivering,214,actions:post\_engagement,17.12149533,"Kampányszintű költségkeret használata",0,3664,7683,7062,1.087935,476.897045,,2026-02-09,"7 napos kattintásos vagy 1 napos megtekintéses",0,ABSOLUTE\_OCPM,0,–,–,–,"New Engagement Ad Set",  
2023-06-17,2026-07-17,"2026\_02 - valentin - deluxe",not\_delivering,5,actions:offsite\_conversion.fb\_pixel\_purchase,13454.4,16000,Napi,67272,88289,59928,1.473251,761.952225,5,2026-02-15,"7 napos kattintásos vagy 1 napos megtekintéses",0,ABSOLUTE\_OCPM,0,–,–,–,"2026\_02 - valentin - deluxe",7.87995  
2023-06-17,2026-07-17,royal2,active,,,,1500,Napi,27059,34014,12312,2.762671,795.525372,,folyamatban,"7 napos kattintásos vagy 1 napos megtekintéses",0,ABSOLUTE\_OCPM,2026-06-30T01:12:59+0200,Átlagos,–,–,"Balatoni nyaralás",  
2023-06-17,2026-07-17,royal1,active,,,,1500,Napi,1453,1616,1068,1.513109,899.133663,,folyamatban,"7 napos kattintásos vagy 1 napos megtekintéses",0,ABSOLUTE\_OCPM,2026-06-30T01:12:59+0200,Átlagos,–,–,"Balatoni nyaralás",  
2023-06-17,2026-07-17,royal3,active,,,,1500,Napi,2831,3180,1768,1.798643,890.251572,,folyamatban,"7 napos kattintásos vagy 1 napos megtekintéses",0,ABSOLUTE\_OCPM,2026-06-30T01:12:59+0200,Átlagos,–,–,"Balatoni nyaralás",  
2023-06-17,2026-07-17,"11\_BF\_30e\_v2 – másolat",inactive,,,,500,Napi,0,0,0,0,0,,folyamatban,"7 napos kattintásos, 1 napos megtekintéses vagy 1 napos aktivitásos–megtekintéses",0,ABSOLUTE\_OCPM,2025-01-14T13:29:31+0100,–,–,–,"Feltöltődés (45e) - Copy 2",  
2023-06-17,2026-07-17,"11\_BF\_galeria\_v2 – másolat",inactive,,,,500,Napi,0,0,0,0,0,,folyamatban,"7 napos kattintásos, 1 napos megtekintéses vagy 1 napos aktivitásos–megtekintéses",0,ABSOLUTE\_OCPM,2025-01-14T13:29:31+0100,–,–,–,"Feltöltődés (45e) - Copy 2",  
2023-06-17,2026-07-17,2024\_07\_szerelmesek\_55e,inactive,,,,500,Napi,0,0,0,0,0,,folyamatban,"7 napos kattintásos, 1 napos megtekintéses vagy 1 napos aktivitásos–megtekintéses",0,ABSOLUTE\_OCPM,2025-01-14T13:29:31+0100,–,–,–,"Feltöltődés (45e) - Copy 2",  
2023-06-17,2026-07-17,"2024\_12\_szerelmesek(60e) - karácsonyi",inactive,,,,500,Napi,0,0,0,0,0,,folyamatban,"7 napos kattintásos, 1 napos megtekintéses vagy 1 napos aktivitásos–megtekintéses",0,ABSOLUTE\_OCPM,2025-01-14T13:29:31+0100,–,–,–,"Feltöltődés (45e) - Copy 2",  
2023-06-17,2026-07-17,2024\_02\_valentin,inactive,,,,500,Napi,0,0,0,0,0,,folyamatban,"7 napos kattintásos, 1 napos megtekintéses vagy 1 napos aktivitásos–megtekintéses",0,ABSOLUTE\_OCPM,2025-01-14T13:29:31+0100,–,–,–,"Feltöltődés (45e) - Copy 2",  
2023-06-17,2026-07-17,2024\_12\_penthouse(140e),inactive,,,,500,Napi,0,0,0,0,0,,folyamatban,"7 napos kattintásos, 1 napos megtekintéses vagy 1 napos aktivitásos–megtekintéses",0,ABSOLUTE\_OCPM,2025-01-14T13:29:31+0100,–,–,–,"Feltöltődés (45e) - Copy 2",  
2023-06-17,2026-07-17,video\_hajoberles,not\_delivering,4629,actions:landing\_page\_view,23.13372219,800,Napi,107086,118512,43060,2.752253,903.587822,,folyamatban,"7 napos kattintásos vagy 1 napos megtekintéses",0,ABSOLUTE\_OCPM,2025-07-10T13:58:24+0200,–,–,–,Interest,  
2023-06-17,2026-07-17,"2025\_12 lastminute 39e",inactive,248,actions:link\_click,13.38306452,1800,Napi,3319,7486,6618,1.131157,443.36094,,folyamatban,"7 napos kattintásos vagy 1 napos megtekintéses",0,ABSOLUTE\_OCPM,2025-12-17T15:33:52+0100,–,–,–,"Lastminute - (39e)",  
2023-06-17,2026-07-17,"2026\_01 - 99e - kép",not\_delivering,55,actions:offsite\_conversion.fb\_pixel\_purchase,13136.83636364,12000,Napi,722526,748957,222242,3.370007,964.709589,55,folyamatban,"7 napos kattintásos vagy 1 napos megtekintéses",0,ABSOLUTE\_OCPM,2026-03-10T17:36:53+0100,–,–,–,"Deluxe lakosztály (99e)",7.911941  
2023-06-17,2026-07-17,"2026\_02 penthouse",not\_delivering,1,actions:offsite\_conversion.fb\_pixel\_purchase,57241,14000,Napi,57241,48026,32065,1.49777,1191.875234,1,2026-02-15,"7 napos kattintásos vagy 1 napos megtekintéses",0,ABSOLUTE\_OCPM,2026-02-13T13:35:26+0100,–,–,–,"2026\_02 penthouse",1.056935  
2023-06-17,2026-07-17,"2026\_02 valentin - 59.900",not\_delivering,1524,actions:link\_click,25.15879265,3000,Napi,38342,65879,44986,1.464433,582.006406,,2026-02-15,"7 napos kattintásos vagy 1 napos megtekintéses",0,ABSOLUTE\_OCPM,2026-02-10T16:53:56+0100,–,–,–,"2026\_02 - szerelmesek - 60e - Copy",  
2023-06-17,2026-07-17,"2026\_04 - 19ig - Deluxe lakosztály (99e) -",not\_delivering,3,actions:offsite\_conversion.fb\_pixel\_purchase,15441,60000,Élettartam,46323,38526,21007,1.83396,1202.382806,3,2026-04-19,"7 napos kattintásos vagy 1 napos megtekintéses",0,ABSOLUTE\_OCPM,2026-04-14T22:25:29+0200,–,–,–,"2026\_04 - 19ig - Deluxe lakosztály (99e) -",6.482741  
2023-06-17,2026-07-17,"2026\_04 szerelmesek 80e ajandek hajo",not\_delivering,1498,actions:link\_click,15.37983979,1000,Napi,23039,74579,45520,1.638379,308.920742,,folyamatban,"7 napos kattintásos vagy 1 napos megtekintéses",0,ABSOLUTE\_OCPM,0,–,–,–,"2026\_04 - szerelmesek + hajozas 80e",  
2023-06-17,2026-07-17,"2026\_04\_14 szerelmesek 80e ajándék hajó",not\_delivering,1,actions:offsite\_conversion.fb\_pixel\_purchase,29937,5000,Napi,29937,38202,28487,1.341033,783.650071,1,folyamatban,"7 napos kattintásos vagy 1 napos megtekintéses",0,ABSOLUTE\_OCPM,2026-05-13T17:01:00+0200,–,–,–,"2026\_04 Szerelmesek csomagja v3 - lookalike",2.68898  
2023-06-17,2026-07-17,"2026\_04\_20 CSAK MA szerelmesek 70e",not\_delivering,1,actions:offsite\_conversion.fb\_pixel\_purchase,19581,20000,Élettartam,19581,36980,33453,1.105432,529.502434,1,2026-05-20,"7 napos kattintásos vagy 1 napos megtekintéses",0,ABSOLUTE\_OCPM,2026-05-20T12:33:57+0200,–,–,–,"2026\_05\_20 Szerelmesek csomagja 70e CSAK MA",3.569787  
2023-06-17,2026-07-17,"2026\_05\_20 - Deluxe lakosztályv2",not\_delivering,,,,80000,Élettartam,79520,64574,38530,1.675941,1231.455385,,2026-05-24,"7 napos kattintásos vagy 1 napos megtekintéses",0,ABSOLUTE\_OCPM,2026-05-23T02:48:56+0200,–,–,–,"2026\_05\_20 csak ma deluxe - Copy",  
2023-06-17,2026-07-17,video\_hajoberles,active,6113,actions:landing\_page\_view,21.40078521,700,Napi,130823,267139,139781,1.911125,489.718836,7,folyamatban,"7 napos kattintásos vagy 1 napos megtekintéses",0,ABSOLUTE\_OCPM,2026-06-12T22:48:09+0200,Átlagos,"Átlag feletti","Átlag feletti","Interest - SIOFOK 15KM",1.599872  
2023-06-17,2026-07-17,"video - hajoberles - lanyok",active,,,,1500,Napi,15255,19106,12116,1.576923,798.440281,,folyamatban,"7 napos kattintásos, 1 napos megtekintéses vagy 1 napos aktivitásos–megtekintéses",0,ABSOLUTE\_OCPM,2026-07-07T11:59:20+0200,Átlagos,"Átlag feletti","Átlag alatti – a hirdetések alsó 35%-a","video - lanyok",  
2023-06-17,2026-07-17,"video - hajoberles - bereljetek 6-8",active,4,actions:offsite\_conversion.fb\_pixel\_purchase,3773.75,1500,Napi,15095,28085,18128,1.549261,537.475521,4,folyamatban,"7 napos kattintásos, 1 napos megtekintéses vagy 1 napos aktivitásos–megtekintéses",0,ABSOLUTE\_OCPM,2026-07-07T12:00:02+0200,Átlagos,"Átlag feletti",Átlagos,"video - bereljetek 6-8",18.337198  
2023-06-17,2026-07-17,royal\_k2\_1\_1080x1080,active,,,,500,Napi,0,0,0,0,0,,folyamatban,"7 napos kattintásos vagy 1 napos megtekintéses",0,ABSOLUTE\_OCPM,2026-07-17T16:04:39+0200,–,–,–,"Vacsora csomag 19.900",  
2023-06-17,2026-07-17,royal\_k2\_7\_1080x1080,active,,,,500,Napi,0,0,0,0,0,,folyamatban,"7 napos kattintásos vagy 1 napos megtekintéses",0,ABSOLUTE\_OCPM,2026-07-17T16:04:39+0200,–,–,–,"Vacsora csomag 19.900",  
2023-06-17,2026-07-17,royal\_k3\_3\_1080x1080,active,,,,1500,Napi,44,66,61,1.081967,666.666667,,folyamatban,"7 napos kattintásos vagy 1 napos megtekintéses",0,ABSOLUTE\_OCPM,2026-07-17T16:09:21+0200,–,–,–,"Business Escape 199.900 Ft",  
2023-06-17,2026-07-17,royal\_k3\_2\_1080x1080,active,,,,1500,Napi,64,17,16,1.0625,3764.705882,,folyamatban,"7 napos kattintásos vagy 1 napos megtekintéses",0,ABSOLUTE\_OCPM,2026-07-17T16:09:21+0200,–,–,–,"Business Escape 199.900 Ft",  
2023-06-17,2026-07-17,royal\_k3\_1\_1080x1080,active,,,,1500,Napi,111,60,56,1.071429,1850,,folyamatban,"7 napos kattintásos vagy 1 napos megtekintéses",0,ABSOLUTE\_OCPM,2026-07-17T16:09:21+0200,–,–,–,"Business Escape 199.900 Ft",  
2023-06-17,2026-07-17,royal\_k3\_10\_1080x1080,active,,,,1500,Napi,231,249,230,1.082609,927.710843,,folyamatban,"7 napos kattintásos vagy 1 napos megtekintéses",0,ABSOLUTE\_OCPM,2026-07-17T16:09:21+0200,–,–,–,"Business Escape 199.900 Ft",  
2023-06-17,2026-07-17,"Reklámarc - V1",not\_delivering,9,actions:leadgen.other,719.22222222,2666,Napi,6473,6634,3111,2.132433,975.731082,,2025-02-21,"7 napos kattintásos vagy 1 napos megtekintéses",0,ABSOLUTE\_OCPM,2025-02-19T16:41:59+0100,–,–,–,"Broad - Reklámarc",  
2023-06-17,2026-07-17,alwayson\_2021\_boostolt,not\_delivering,153,actions:offsite\_conversion.fb\_pixel\_add\_to\_cart,214.1503268,500,Napi,32765,53981,28697,1.881068,606.972824,,folyamatban,"7 napos kattintásos, 1 napos megtekintéses vagy 1 napos aktivitásos–megtekintéses",0,ABSOLUTE\_OCPM,0,–,–,–,2025\_AlwaysON,  
2023-06-17,2026-07-17,2024\_12\_karácsonyi\_v2,inactive,,,,500,Napi,0,0,0,0,0,,folyamatban,"7 napos kattintásos, 1 napos megtekintéses vagy 1 napos aktivitásos–megtekintéses",0,ABSOLUTE\_OCPM,0,–,–,–,2025\_AlwaysON,  
2023-06-17,2026-07-17,v1,inactive,1,actions:offsite\_conversion.fb\_pixel\_lead,2723,1500,Napi,2723,1415,1225,1.155102,1924.381625,,folyamatban,"7 napos kattintásos, 1 napos megtekintéses vagy 1 napos aktivitásos–megtekintéses",0,ABSOLUTE\_OCPM,2025-05-27T16:47:02+0200,–,–,–,"interest (főoldal)",  
2023-06-17,2026-07-17,v2,inactive,,,,1500,Napi,932,544,502,1.083665,1713.235294,,folyamatban,"7 napos kattintásos, 1 napos megtekintéses vagy 1 napos aktivitásos–megtekintéses",0,ABSOLUTE\_OCPM,2025-05-27T16:47:02+0200,–,–,–,"interest (főoldal)",  
2023-06-17,2026-07-17,v3,inactive,,,,1500,Napi,7642,5611,5176,1.084042,1361.967564,,folyamatban,"7 napos kattintásos, 1 napos megtekintéses vagy 1 napos aktivitásos–megtekintéses",0,ABSOLUTE\_OCPM,2025-05-27T16:47:02+0200,–,–,–,"interest (főoldal)",  
2023-06-17,2026-07-17,"v2 - Copy",inactive,,,,1500,Napi,7494,8433,6273,1.344333,888.651725,,folyamatban,"7 napos kattintásos, 1 napos megtekintéses vagy 1 napos aktivitásos–megtekintéses",0,ABSOLUTE\_OCPM,2025-05-27T16:47:02+0200,–,–,–,"interest (főoldal)",  
2023-06-17,2026-07-17,"v1 - Copy",inactive,,,,1500,Napi,15238,22596,12859,1.757213,674.367145,,folyamatban,"7 napos kattintásos, 1 napos megtekintéses vagy 1 napos aktivitásos–megtekintéses",0,ABSOLUTE\_OCPM,2025-05-27T16:47:02+0200,–,–,–,"interest (főoldal)",  
2023-06-17,2026-07-17,"v3 - Copy",inactive,,,,1500,Napi,32726,36891,23486,1.570766,887.099835,,folyamatban,"7 napos kattintásos, 1 napos megtekintéses vagy 1 napos aktivitásos–megtekintéses",0,ABSOLUTE\_OCPM,2025-05-27T16:47:02+0200,–,–,–,"interest (főoldal)",  
2023-06-17,2026-07-17,2025\_07,inactive,,,,1500,Napi,26228,61000,32451,1.879757,429.967213,,folyamatban,"7 napos kattintásos, 1 napos megtekintéses vagy 1 napos aktivitásos–megtekintéses",0,ABSOLUTE\_OCPM,2025-05-27T16:47:02+0200,–,–,–,"interest (főoldal)",  
2023-06-17,2026-07-17,"2025\_07 - video",active,,,,1500,Napi,68656,41960,25904,1.619827,1636.224976,,folyamatban,"7 napos kattintásos, 1 napos megtekintéses vagy 1 napos aktivitásos–megtekintéses",0,ABSOLUTE\_OCPM,2025-05-27T16:47:02+0200,"Átlag alatti – a hirdetések alsó 20%-a",Átlagos,"Átlag alatti – a hirdetések alsó 20%-a","interest (főoldal)",  
2023-06-17,2026-07-17,"2026\_02 csakma",not\_delivering,232,actions:link\_click,24.14224138,7000,Napi,5601,12553,11060,1.134991,446.188162,,2026-02-10,"7 napos kattintásos vagy 1 napos megtekintéses",0,ABSOLUTE\_OCPM,0,–,–,–,"2026\_02 - penthouse - valentin - csakma - Copy",  
2023-06-17,2026-07-17,"New Engagement Ad",not\_delivering,163,actions:post\_engagement,30.63803681,5000,Élettartam,4994,15307,14979,1.021897,326.255961,,2026-03-08,"7 napos kattintásos vagy 1 napos megtekintéses",0,ABSOLUTE\_OCPM,2026-03-07T18:56:13+0100,–,–,–,55e,  
2023-06-17,2026-07-17,"2026\_03 romantika es feltoltodes 50e",not\_delivering,,,,6000,Napi,190997,215752,77105,2.798158,885.261782,,folyamatban,"7 napos kattintásos vagy 1 napos megtekintéses",0,ABSOLUTE\_OCPM,2026-03-19T01:54:41+0100,–,–,–,"Romantika és feltöltődés (50e)",  
2023-06-17,2026-07-17,"2026\_03 romantika 50e",not\_delivering,370,actions:post\_engagement,14.73783784,5500,Élettartam,5453,12686,10483,1.21015,429.843922,,2026-03-20,"7 napos kattintásos vagy 1 napos megtekintéses",0,ABSOLUTE\_OCPM,2026-03-19T16:05:55+0100,–,–,–,"2026\_03 romantika 50e",  
2023-06-17,2026-07-17,"2026\_03 - lanykeros csomag (100e)",not\_delivering,2,actions:offsite\_conversion.fb\_pixel\_purchase,34444.5,2000,Napi,68889,72610,23268,3.120595,948.753615,2,folyamatban,"7 napos kattintásos vagy 1 napos megtekintéses",0,ABSOLUTE\_OCPM,2026-03-23T10:23:19+0100,–,–,–,"Lanykeros csomag (100e)",2.917737  
2023-06-17,2026-07-17,"2026\_04\_14 szerelmesek 80e ajándék hajó",not\_delivering,3,actions:offsite\_conversion.fb\_pixel\_purchase,14569.33333333,50000,Élettartam,43708,86233,57360,1.503365,506.859323,3,2026-04-19,"7 napos kattintásos vagy 1 napos megtekintéses",0,ABSOLUTE\_OCPM,2026-04-14T22:01:51+0200,–,–,–,"2026\_04\_14 Szerelmesek csomagja 80e",5.941704  
2023-06-17,2026-07-17,"2026\_04\_14 szerelmesek 80e ajándék hajó - boostolt",not\_delivering,,,,5000,Napi,51271,71608,42284,1.693501,715.99542,,folyamatban,"7 napos kattintásos vagy 1 napos megtekintéses",0,ABSOLUTE\_OCPM,2026-05-06T11:10:37+0200,–,–,–,"2026\_04 Szerelmesek csomagja 80e - v2",  
2023-06-17,2026-07-17,"15szazalek - majus 31 - v3",not\_delivering,,,,"Kampányszintű költségkeret használata",0,4682,4263,2757,1.546246,1098.287591,,2026-05-31,"7 napos kattintásos, 1 napos megtekintéses vagy 1 napos aktivitásos–megtekintéses",0,ABSOLUTE\_OCPM,2026-05-11T12:31:25+0200,–,–,–,"Majus 31ig",  
2023-06-17,2026-07-17,"2026\_05 - Romantika és feltöltődés (55e)",not\_delivering,6,actions:offsite\_conversion.fb\_pixel\_purchase,25974.66666667,13000,Napi,155848,263333,99175,2.655236,591.828597,6,folyamatban,"7 napos kattintásos vagy 1 napos megtekintéses",0,ABSOLUTE\_OCPM,2026-05-14T20:33:14+0200,–,–,–,"2026\_05 - Romantika és feltöltődés (55e)",2.41389  
2023-06-17,2026-07-17,"2026\_05\_20 Szerelmesek csomagja 75e - 05\_24 ig",not\_delivering,,,,80000,Élettartam,79491,123024,78648,1.564236,646.142216,,2026-05-24,"7 napos kattintásos vagy 1 napos megtekintéses",0,ABSOLUTE\_OCPM,2026-05-23T02:20:40+0200,–,–,–,"2026\_05\_20 Szerelmesek csomagja 75e - 05\_24 ig",  
2023-06-17,2026-07-17,"Karácsonyi csomag",active,,,,800,Napi,8031,11517,6643,1.733705,697.31701,,folyamatban,"7 napos kattintásos vagy 1 napos megtekintéses",0,ABSOLUTE\_OCPM,2026-07-07T15:54:17+0200,Átlagos,"Átlag feletti","Átlag alatti – a hirdetések alsó 35%-a","Karácsonyi csomag",  
2023-06-17,2026-07-17,royal\_k9\_2\_1080x1080,active,,,,6000,Napi,1184,1327,1177,1.127443,892.238131,,folyamatban,"7 napos kattintásos vagy 1 napos megtekintéses",0,ABSOLUTE\_OCPM,2026-07-17T15:43:09+0200,–,–,–,"Romantika és feltöltődés (54.900)",  
2023-06-17,2026-07-17,royal\_k9\_3\_1080x1080,active,,,,6000,Napi,675,890,803,1.108344,758.426966,,folyamatban,"7 napos kattintásos vagy 1 napos megtekintéses",0,ABSOLUTE\_OCPM,2026-07-17T15:43:09+0200,–,–,–,"Romantika és feltöltődés (54.900)",  
2023-06-17,2026-07-17,royal\_k9\_1\_1080x1080,active,,,,6000,Napi,664,1193,1050,1.13619,556.58005,,folyamatban,"7 napos kattintásos vagy 1 napos megtekintéses",0,ABSOLUTE\_OCPM,2026-07-17T15:43:09+0200,–,–,–,"Romantika és feltöltődés (54.900)",  
2023-06-17,2026-07-17,"2024\_12\_karácsonyi boostolt",inactive,526,actions:offsite\_conversion.fb\_pixel\_add\_to\_cart,132.68441065,1000,Napi,69792,227625,112211,2.028544,306.609555,1,folyamatban,"7 napos kattintásos, 1 napos megtekintéses vagy 1 napos aktivitásos–megtekintéses",0,ABSOLUTE\_OCPM,2025-01-14T13:29:31+0100,–,–,–,"szerelmesek (60e) - Copy 2",0.858265  
2023-06-17,2026-07-17,2024\_12\_karácsonyi\_v2,inactive,2,actions:offsite\_conversion.fb\_pixel\_add\_to\_cart,408.5,1000,Napi,817,1164,1022,1.138943,701.890034,,folyamatban,"7 napos kattintásos, 1 napos megtekintéses vagy 1 napos aktivitásos–megtekintéses",0,ABSOLUTE\_OCPM,2025-01-14T13:29:31+0100,–,–,–,"szerelmesek (60e) - Copy 2",  
2023-06-17,2026-07-17,2025\_03,not\_delivering,,,,"Kampányszintű költségkeret használata",0,0,0,0,0,0,,2025-03-10,"7 napos kattintásos vagy 1 napos megtekintéses",0,ABSOLUTE\_OCPM,0,–,–,–,2025\_03\_nonap,  
2023-06-17,2026-07-17,2025\_03\_boostolt,not\_delivering,609,actions:offsite\_conversion.fb\_pixel\_add\_to\_cart,83.10509031,1000,Napi,50611,131365,70301,1.868608,385.270049,2,folyamatban,"7 napos kattintásos, 1 napos megtekintéses vagy 1 napos aktivitásos–megtekintéses",0,ABSOLUTE\_OCPM,2025-01-14T13:29:31+0100,–,–,–,"szerelmesek (60e) - Copy 2",1.183537  
2023-06-17,2026-07-17,v3,inactive,578,actions:link\_click,44.20415225,1000,Napi,25550,24410,18409,1.325982,1046.702171,,folyamatban,"7 napos kattintásos vagy 1 napos megtekintéses",0,ABSOLUTE\_OCPM,2025-07-17T08:45:14+0200,–,–,–,"interest (főoldal)",  
2023-06-17,2026-07-17,v1,inactive,30,actions:link\_click,56.13333333,1000,Napi,1684,1862,1732,1.075058,904.403867,,folyamatban,"7 napos kattintásos vagy 1 napos megtekintéses",0,ABSOLUTE\_OCPM,2025-07-17T08:45:14+0200,–,–,–,"interest (főoldal)",  
2023-06-17,2026-07-17,v2,inactive,37,actions:link\_click,82.13513514,1000,Napi,3039,3114,2921,1.066073,975.915222,,folyamatban,"7 napos kattintásos vagy 1 napos megtekintéses",0,ABSOLUTE\_OCPM,2025-07-17T08:45:14+0200,–,–,–,"interest (főoldal)",  
2023-06-17,2026-07-17,"v3 - Copy",not\_delivering,2082,actions:link\_click,28.35782901,1000,Napi,59041,160796,101536,1.583635,367.179532,,folyamatban,"7 napos kattintásos vagy 1 napos megtekintéses",0,ABSOLUTE\_OCPM,2025-07-17T08:45:14+0200,"Átlag feletti",Átlagos,Átlagos,"interest (főoldal)",  
2023-06-17,2026-07-17,"v2 - Copy",inactive,8,actions:link\_click,88,1000,Napi,704,1295,1187,1.090986,543.629344,,folyamatban,"7 napos kattintásos vagy 1 napos megtekintéses",0,ABSOLUTE\_OCPM,2025-07-17T08:45:14+0200,–,–,–,"interest (főoldal)",  
2023-06-17,2026-07-17,"v1 - Copy",inactive,59,actions:link\_click,80.76271186,1000,Napi,4765,8061,6150,1.310732,591.117727,,folyamatban,"7 napos kattintásos vagy 1 napos megtekintéses",0,ABSOLUTE\_OCPM,2025-07-17T08:45:14+0200,–,–,–,"interest (főoldal)",  
2023-06-17,2026-07-17,2025\_07,not\_delivering,619,actions:link\_click,20.35218094,1000,Napi,12598,62773,34317,1.82921,200.69138,,folyamatban,"7 napos kattintásos vagy 1 napos megtekintéses",0,ABSOLUTE\_OCPM,2025-07-17T08:45:14+0200,Átlagos,Átlagos,Átlagos,"interest (főoldal)",  
2023-06-17,2026-07-17,"2025\_07 - video",not\_delivering,327,actions:link\_click,20.2324159,1000,Napi,6616,27391,21643,1.265582,241.539192,,folyamatban,"7 napos kattintásos vagy 1 napos megtekintéses",0,ABSOLUTE\_OCPM,2025-07-17T08:45:14+0200,"Átlag feletti",Átlagos,"Átlag feletti","interest (főoldal)",  
2023-06-17,2026-07-17,"2025\_12 (lastminute 40e) -AI vidi",not\_delivering,3,actions:offsite\_conversion.fb\_pixel\_purchase,13567.66666667,3000,Napi,40703,27539,13521,2.036758,1478.013,3,2025-12-24,"7 napos kattintásos vagy 1 napos megtekintéses",0,ABSOLUTE\_OCPM,2025-12-19T09:51:45+0100,–,–,–,"lastminute (40e) - AI",2.955556  
2023-06-17,2026-07-17,"2026\_03 szerelmesek 69.900",active,8,actions:offsite\_conversion.fb\_pixel\_purchase,17887.25,3000,Napi,143098,216782,94465,2.294839,660.100931,8,folyamatban,"7 napos kattintásos vagy 1 napos megtekintéses",0,ABSOLUTE\_OCPM,2026-07-03T14:51:28+0200,Átlagos,"Átlag feletti",Átlagos,"Szerelmesek csomagja (69.900)",5.791136  
2023-06-17,2026-07-17,"2026\_04\_13 szerelmesek 75 ajándék hajó",not\_delivering,,,,25000,Élettartam,0,0,0,0,0,,2026-04-13,"7 napos kattintásos vagy 1 napos megtekintéses",0,ABSOLUTE\_OCPM,2026-04-13T10:50:21+0200,–,–,–,"2026\_04\_13 - 1 nap Szerelmesek csomagja",  
2023-06-17,2026-07-17,"2026\_04\_14 szerelmesek 80e ajándék hajó",not\_delivering,13,actions:offsite\_conversion.fb\_pixel\_purchase,21173.15384615,5000,Napi,275251,556888,234858,2.371169,494.266352,13,folyamatban,"7 napos kattintásos vagy 1 napos megtekintéses",0,ABSOLUTE\_OCPM,2026-04-25T11:10:38+0200,–,–,–,"2026\_04 Szerelmesek csomagja 80e -",3.929868  
2023-06-17,2026-07-17,"2026\_04 - szerelmesek + hajo 80e",not\_delivering,263,actions:offsite\_conversion.fb\_pixel\_add\_to\_cart,219.92395437,"Kampányszintű költségkeret használata",0,57840,137214,64517,2.126788,421.531331,,folyamatban,"7 napos kattintásos, 1 napos megtekintéses vagy 1 napos aktivitásos–megtekintéses",0,ABSOLUTE\_OCPM,2026-05-06T11:15:56+0200,–,–,–,"2026\_04 - szerelmesek + hajo 80e",  
2023-06-17,2026-07-17,"15szazalek - majus 31 - v1",not\_delivering,,,,"Kampányszintű költségkeret használata",0,17700,15693,8985,1.746578,1127.891417,,2026-05-31,"7 napos kattintásos, 1 napos megtekintéses vagy 1 napos aktivitásos–megtekintéses",0,ABSOLUTE\_OCPM,2026-05-11T12:31:25+0200,–,–,–,"Majus 31ig",  
2023-06-17,2026-07-17,"15szazalek - majus 31 - v2",not\_delivering,1,conversions:donate\_website,65975,"Kampányszintű költségkeret használata",0,65975,42685,20122,2.12131,1545.624927,,2026-05-31,"7 napos kattintásos, 1 napos megtekintéses vagy 1 napos aktivitásos–megtekintéses",0,ABSOLUTE\_OCPM,2026-05-11T12:31:25+0200,–,–,–,"Majus 31ig",  
2023-06-17,2026-07-17,"2026\_04\_20 CSAK MA szerelmesek 70e",not\_delivering,3,actions:offsite\_conversion.fb\_pixel\_purchase,6577.33333333,20000,Élettartam,19732,26315,23006,1.143832,749.838495,3,2026-05-20,"7 napos kattintásos vagy 1 napos megtekintéses",0,ABSOLUTE\_OCPM,2026-05-20T12:37:05+0200,–,–,–,"2026\_05\_20 Szerelmesek csomagja 70e CSAK MA - v2",8.093452  
2023-06-17,2026-07-17,video\_lanyok,active,1746,actions:landing\_page\_view,17.01660939,700,Napi,29711,51742,35122,1.473208,574.214371,1,folyamatban,"7 napos kattintásos vagy 1 napos megtekintéses",0,ABSOLUTE\_OCPM,2026-06-12T22:52:19+0200,"Átlag alatti – a hirdetések alsó 35%-a","Átlag feletti","Átlag feletti","Interest - siofok v2",0.669786  
2023-06-17,2026-07-17,video\_hajoberles,active,70,actions:landing\_page\_view,25.18571429,700,Napi,1763,3553,3140,1.131529,496.200394,,folyamatban,"7 napos kattintásos vagy 1 napos megtekintéses",0,ABSOLUTE\_OCPM,2026-06-12T22:52:19+0200,Átlagos,"Átlag feletti","Átlag feletti","Interest - siofok v2",  
2023-06-17,2026-07-17,royal\_k5\_6\_1080x1080,active,,,,600,Napi,194,168,146,1.150685,1154.761905,,folyamatban,"7 napos kattintásos vagy 1 napos megtekintéses",0,ABSOLUTE\_OCPM,2026-07-17T15:58:35+0200,–,–,–,"Deluxe piknik - 29.900 Ft",  
2023-06-17,2026-07-17,royal\_k5\_1\_1080x1080,active,,,,600,Napi,44,36,34,1.058824,1222.222222,,folyamatban,"7 napos kattintásos vagy 1 napos megtekintéses",0,ABSOLUTE\_OCPM,2026-07-17T15:58:35+0200,–,–,–,"Deluxe piknik - 29.900 Ft",  
2023-06-17,2026-07-17,royal\_k5\_10\_1080x1080,active,,,,600,Napi,13,18,17,1.058824,722.222222,,folyamatban,"7 napos kattintásos vagy 1 napos megtekintéses",0,ABSOLUTE\_OCPM,2026-07-17T15:58:35+0200,–,–,–,"Deluxe piknik - 29.900 Ft",  
2023-06-17,2026-07-17,"2025\_12 - penthouse - mikulás - -61sz - zöld",not\_delivering,,,,24000,Napi,2196,1325,1052,1.259506,1657.358491,,2025-12-07,"7 napos kattintásos vagy 1 napos megtekintéses",0,ABSOLUTE\_OCPM,0,–,–,–,"Penthouse (100e) - 12.05-06 -\> -61sz",  
2023-06-17,2026-07-17,"2025\_12 - penthouse - mikulás - 61sz - piros",not\_delivering,4,actions:offsite\_conversion.fb\_pixel\_purchase,11957.25,24000,Napi,47829,36155,24393,1.482188,1322.887567,4,2025-12-07,"7 napos kattintásos vagy 1 napos megtekintéses",0,ABSOLUTE\_OCPM,0,–,–,–,"Penthouse (100e) - 12.05-06 -\> -61sz",8.354764  
2023-06-17,2026-07-17,"2025\_12 (lastminute 40e) - 52e",inactive,,,,15000,Napi,2230,2465,1593,1.547395,904.665314,,2025-12-24,"7 napos kattintásos vagy 1 napos megtekintéses",0,ABSOLUTE\_OCPM,2025-12-19T09:53:24+0100,–,–,–,"lastminute (40e) -",  
2023-06-17,2026-07-17,"2025\_12 (lastminute 40e) - 57szazalek",not\_delivering,27,actions:offsite\_conversion.fb\_pixel\_purchase,5574.66666667,15000,Napi,150516,188752,84260,2.240114,797.427312,27,2025-12-24,"7 napos kattintásos vagy 1 napos megtekintéses",0,ABSOLUTE\_OCPM,2025-12-19T09:53:24+0100,–,–,–,"lastminute (40e) -",8.813017  
2023-06-17,2026-07-17,"2025\_12 (lastminute 40e) - 10e/fo/ej",inactive,1,actions:offsite\_conversion.fb\_pixel\_purchase,13480,15000,Napi,13480,11386,6322,1.801012,1183.910065,1,2025-12-24,"7 napos kattintásos vagy 1 napos megtekintéses",0,ABSOLUTE\_OCPM,2025-12-19T09:53:24+0100,–,–,–,"lastminute (40e) -",2.589021  
2023-06-17,2026-07-17,"2025\_12 - karácsonyi szerelmesek",inactive,7,actions:offsite\_conversion.fb\_pixel\_purchase,7020.71428571,15000,Napi,49145,50542,36745,1.37548,972.359622,7,2025-12-24,"7 napos kattintásos vagy 1 napos megtekintéses",0,ABSOLUTE\_OCPM,2025-12-24T00:15:04+0100,–,–,–,"2025\_12\_karácsonyi szerelmesek (55e)",11.799776  
2023-06-17,2026-07-17,"2025\_12 - karácsonyi szerelmesek - Copy",not\_delivering,15,actions:offsite\_conversion.fb\_pixel\_purchase,4530.4,15000,Napi,67956,117930,89492,1.317771,576.240142,15,2025-12-24,"7 napos kattintásos vagy 1 napos megtekintéses",0,ABSOLUTE\_OCPM,2025-12-24T00:15:04+0100,–,–,–,"2025\_12\_karácsonyi szerelmesek (55e)",12.945141  
2023-06-17,2026-07-17,"2026 - romantika",not\_delivering,933,actions:link\_click,18.83494105,3000,Napi,17573,29583,17729,1.668622,594.023595,,2026-02-15,"7 napos kattintásos vagy 1 napos megtekintéses",0,ABSOLUTE\_OCPM,2026-02-13T13:35:26+0100,–,–,–,"2026\_02 - romantika - valentin (40e) - Copy",  
2023-06-17,2026-07-17,"2026\_05\_20 szerelmesek csak ma",not\_delivering,,,,5000,Napi,0,0,0,0,0,,folyamatban,"7 napos kattintásos vagy 1 napos megtekintéses",0,ABSOLUTE\_OCPM,2026-05-21T10:08:00+0200,–,–,–,"2026\_05 Szerelmesek csomagja \_ 05.20. csak ma",  
2023-06-17,2026-07-17,"kep-piknik 25.900 ft",inactive,5,actions:landing\_page\_view,48.6,700,Napi,243,459,420,1.092857,529.411765,,folyamatban,"7 napos kattintásos vagy 1 napos megtekintéses",0,ABSOLUTE\_OCPM,2026-06-12T22:52:19+0200,–,–,–,"Interest - siofok v2",  
2023-06-17,2026-07-17,royal\_k9\_2\_1080x1080,not\_delivering,,,,6000,Napi,0,0,0,0,0,,folyamatban,"7 napos kattintásos vagy 1 napos megtekintéses",0,ABSOLUTE\_OCPM,2026-07-17T15:42:28+0200,–,–,–,"54.900 - allin kreatívok",  
2023-06-17,2026-07-17,royal\_k9\_3\_1080x1080,not\_delivering,,,,6000,Napi,0,0,0,0,0,,folyamatban,"7 napos kattintásos vagy 1 napos megtekintéses",0,ABSOLUTE\_OCPM,2026-07-17T15:42:28+0200,–,–,–,"54.900 - allin kreatívok",  
2023-06-17,2026-07-17,royal\_k9\_1\_1080x1080,not\_delivering,,,,6000,Napi,0,0,0,0,0,,folyamatban,"7 napos kattintásos vagy 1 napos megtekintéses",0,ABSOLUTE\_OCPM,2026-07-17T15:42:28+0200,–,–,–,"54.900 - allin kreatívok",  
2023-06-17,2026-07-17,"ChatGPT Image 2026. júl. 10. 10\_24\_01 (2)",active,,,,3000,Napi,363,345,309,1.116505,1052.173913,,folyamatban,"7 napos kattintásos vagy 1 napos megtekintéses",0,ABSOLUTE\_OCPM,2026-07-17T15:51:55+0200,–,–,–,"Deluxe lakosztály (119.900)",  
2023-06-17,2026-07-17,"ChatGPT Image 2026. júl. 10. 10\_24\_02 (3)",active,,,,3000,Napi,14,20,17,1.176471,700,,folyamatban,"7 napos kattintásos vagy 1 napos megtekintéses",0,ABSOLUTE\_OCPM,2026-07-17T15:51:55+0200,–,–,–,"Deluxe lakosztály (119.900)",  
2023-06-17,2026-07-17,"ChatGPT Image 2026. júl. 10. 10\_24\_02 (4)",active,,,,3000,Napi,0,1,1,1,0,,folyamatban,"7 napos kattintásos vagy 1 napos megtekintéses",0,ABSOLUTE\_OCPM,2026-07-17T15:51:55+0200,–,–,–,"Deluxe lakosztály (119.900)",  
2023-06-17,2026-07-17,"ChatGPT Image 2026. júl. 10. 10\_24\_02 (5)",active,,,,3000,Napi,71,60,51,1.176471,1183.333333,,folyamatban,"7 napos kattintásos vagy 1 napos megtekintéses",0,ABSOLUTE\_OCPM,2026-07-17T15:51:55+0200,–,–,–,"Deluxe lakosztály (119.900)",  
2023-06-17,2026-07-17,"ChatGPT Image 2026. júl. 10. 10\_24\_04 (9)",active,,,,3000,Napi,21,31,30,1.033333,677.419355,,folyamatban,"7 napos kattintásos vagy 1 napos megtekintéses",0,ABSOLUTE\_OCPM,2026-07-17T15:51:55+0200,–,–,–,"Deluxe lakosztály (119.900)",  
2023-06-17,2026-07-17,"ChatGPT Image 2026. júl. 10. 10\_24\_03 (7)",active,,,,3000,Napi,135,130,116,1.12069,1038.461538,,folyamatban,"7 napos kattintásos vagy 1 napos megtekintéses",0,ABSOLUTE\_OCPM,2026-07-17T15:51:55+0200,–,–,–,"Deluxe lakosztály (119.900)",  
2023-06-17,2026-07-17,"ChatGPT Image 2026. júl. 10. 10\_24\_03 (6)",active,,,,3000,Napi,125,140,133,1.052632,892.857143,,folyamatban,"7 napos kattintásos vagy 1 napos megtekintéses",0,ABSOLUTE\_OCPM,2026-07-17T15:51:55+0200,–,–,–,"Deluxe lakosztály (119.900)",  
2023-06-17,2026-07-17,"ChatGPT Image 2026. júl. 10. 10\_24\_03 (8)",active,,,,3000,Napi,19,7,7,1,2714.285714,,folyamatban,"7 napos kattintásos vagy 1 napos megtekintéses",0,ABSOLUTE\_OCPM,2026-07-17T15:51:55+0200,–,–,–,"Deluxe lakosztály (119.900)",  
2023-06-17,2026-07-17,royal\_k11\_1\_1080x1080,active,,,,3000,Napi,115,115,98,1.173469,1000,,folyamatban,"7 napos kattintásos vagy 1 napos megtekintéses",0,ABSOLUTE\_OCPM,2026-07-17T15:51:55+0200,–,–,–,"Deluxe lakosztály (119.900)",  
2023-06-17,2026-07-17,"ChatGPT Image 2026. júl. 10. 10\_24\_01 (1)",active,,,,3000,Napi,2,2,2,1,1000,,folyamatban,"7 napos kattintásos vagy 1 napos megtekintéses",0,ABSOLUTE\_OCPM,2026-07-17T15:51:55+0200,–,–,–,"Deluxe lakosztály (119.900)",  
2023-06-17,2026-07-17,royal\_k11\_6\_1080x1080,active,,,,3000,Napi,0,0,0,0,0,,folyamatban,"7 napos kattintásos vagy 1 napos megtekintéses",0,ABSOLUTE\_OCPM,2026-07-17T15:51:55+0200,–,–,–,"Deluxe lakosztály (119.900)",  
2023-06-17,2026-07-17,"ChatGPT Image 2026. júl. 10. 10\_24\_04 (10)",active,,,,3000,Napi,8,7,6,1.166667,1142.857143,,folyamatban,"7 napos kattintásos vagy 1 napos megtekintéses",0,ABSOLUTE\_OCPM,2026-07-17T15:51:55+0200,–,–,–,"Deluxe lakosztály (119.900)",  
2023-06-17,2026-07-17,"június 22 poszt",not\_delivering,573,actions:link\_click,50.73298429,"Kampányszintű költségkeret használata",0,29070,135530,63651,2.129267,214.491257,1,folyamatban,"7 napos kattintásos vagy 1 napos megtekintéses",0,ABSOLUTE\_OCPM,0,–,–,–,"június 22 poszt",0.756794  
2023-06-17,2026-07-17,"Új „Forgalom” hirdetés – másolat – másolat",inactive,,,,"Kampányszintű költségkeret használata",0,0,0,0,0,0,,folyamatban,"7 napos kattintásos vagy 1 napos megtekintéses",0,ABSOLUTE\_OCPM,0,–,–,–,lookalike,  
2023-06-17,2026-07-17,"Új „Forgalom” hirdetés – másolat",inactive,,,,"Kampányszintű költségkeret használata",0,0,0,0,0,0,,folyamatban,"7 napos kattintásos vagy 1 napos megtekintéses",0,ABSOLUTE\_OCPM,0,–,–,–,lookalike,  
2023-06-17,2026-07-17,ad1,not\_delivering,,,,"Kampányszintű költségkeret használata",0,0,0,0,0,0,,folyamatban,"7 napos kattintásos vagy 1 napos megtekintéses",0,ABSOLUTE\_OCPM,0,–,–,–,lookalike,  
2023-06-17,2026-07-17,"Új „Forgalom” hirdetés",inactive,,,,"Kampányszintű költségkeret használata",0,0,0,0,0,0,,folyamatban,"7 napos kattintásos vagy 1 napos megtekintéses",0,ABSOLUTE\_OCPM,0,–,–,–,lookalike,  
2023-06-17,2026-07-17,ad2,not\_delivering,,,,"Kampányszintű költségkeret használata",0,0,0,0,0,0,,folyamatban,"7 napos kattintásos vagy 1 napos megtekintéses",0,ABSOLUTE\_OCPM,0,–,–,–,lookalike,  
2023-06-17,2026-07-17,katamarán,not\_delivering,,,,"Kampányszintű költségkeret használata",0,0,0,0,0,0,,folyamatban,"7 napos kattintásos vagy 1 napos megtekintéses",0,ABSOLUTE\_OCPM,0,–,–,–,"Interest\_Hajó – másolat",  
2023-06-17,2026-07-17,ad1,inactive,8806,actions:link\_click,12.58335226,400,Napi,110809,342428,107466,3.186385,323.597953,,folyamatban,"7 napos kattintásos vagy 1 napos megtekintéses",0,ABSOLUTE\_OCPM,2024-08-23T12:16:48+0200,–,–,–,Interest,  
2023-06-17,2026-07-17,"Új „Forgalom” hirdetés – másolat",inactive,,,,400,Napi,0,0,0,0,0,,folyamatban,"7 napos kattintásos vagy 1 napos megtekintéses",0,ABSOLUTE\_OCPM,2024-08-23T12:16:48+0200,–,–,–,Interest,  
2023-06-17,2026-07-17,09\_oszikedvezmenyes,inactive,2689,actions:link\_click,8.55522499,400,Napi,23005,54691,19986,2.736466,420.635936,2,folyamatban,"7 napos kattintásos vagy 1 napos megtekintéses",0,ABSOLUTE\_OCPM,2024-08-23T12:16:48+0200,–,–,–,Interest,2.125625  
2023-06-17,2026-07-17,11\_BF\_30e,inactive,43,actions:link\_click,13.02325581,400,Napi,560,924,825,1.12,606.060606,,folyamatban,"7 napos kattintásos vagy 1 napos megtekintéses",0,ABSOLUTE\_OCPM,2024-08-23T12:16:48+0200,–,–,–,Interest,  
2023-06-17,2026-07-17,"11\_BF\_30e\_v2 – másolat",inactive,478,actions:link\_click,11.77405858,400,Napi,5628,11790,7435,1.585743,477.35369,,folyamatban,"7 napos kattintásos vagy 1 napos megtekintéses",0,ABSOLUTE\_OCPM,2024-08-23T12:16:48+0200,–,–,–,Interest,  
2023-06-17,2026-07-17,"2023\_karacsony\_35e – másolat",inactive,466,actions:link\_click,21.95064378,400,Napi,10229,24848,16241,1.529955,411.662911,2,folyamatban,"7 napos kattintásos vagy 1 napos megtekintéses",0,ABSOLUTE\_OCPM,2024-08-23T12:16:48+0200,–,–,–,Interest,3.53407  
2023-06-17,2026-07-17,"2024\_02\_valentin – másolat",inactive,355,actions:link\_click,9.73239437,400,Napi,3455,13966,10859,1.286122,247.38651,2,folyamatban,"7 napos kattintásos vagy 1 napos megtekintéses",0,ABSOLUTE\_OCPM,2024-08-23T12:16:48+0200,–,–,–,Interest,10.463097  
2023-06-17,2026-07-17,"2024\_02\_valentin\_utolsó – másolat",inactive,39,actions:link\_click,14.82051282,400,Napi,578,1973,1907,1.034609,292.954891,,folyamatban,"7 napos kattintásos vagy 1 napos megtekintéses",0,ABSOLUTE\_OCPM,2024-08-23T12:16:48+0200,–,–,–,Interest,  
2023-06-17,2026-07-17,"2024\_05 - 50k - Copy",inactive,4044,actions:link\_click,6.24554896,400,Napi,25257,84209,40362,2.086344,299.932311,1,folyamatban,"7 napos kattintásos vagy 1 napos megtekintéses",0,ABSOLUTE\_OCPM,2024-08-23T12:16:48+0200,–,–,–,Interest,1.97569  
2023-06-17,2026-07-17,"2024\_06\_szerelmesek\_55e - Copy 2",not\_delivering,10437,actions:link\_click,8.25735365,400,Napi,86182,361968,161071,2.247257,238.09287,,folyamatban,"7 napos kattintásos vagy 1 napos megtekintéses",0,ABSOLUTE\_OCPM,2024-08-23T12:16:48+0200,–,–,–,Interest,  
2023-06-17,2026-07-17,2025\_01\_lastminute,not\_delivering,1331,actions:post\_engagement,13.13148009,"Kampányszintű költségkeret használata",0,17478,68210,54993,1.24034,256.238088,2,2025-01-23,"7 napos kattintásos vagy 1 napos megtekintéses",0,ABSOLUTE\_OCPM,0,–,–,–,2025\_01\_lastminute,4.602872  
2023-06-17,2026-07-17,"2026\_02 deluxe 99e",not\_delivering,2,actions:offsite\_conversion.fb\_pixel\_purchase,9936,25000,Napi,19872,21155,17581,1.203288,939.352399,2,2026-02-10,"7 napos kattintásos vagy 1 napos megtekintéses",0,ABSOLUTE\_OCPM,0,–,–,–,"2026\_02 - deluxe - valentin csakma",7.568438  
2023-06-17,2026-07-17,"2026\_03 - Piknik a balatonon hajos 20e",active,21,actions:offsite\_conversion.fb\_pixel\_purchase,13928.33333333,2000,Napi,292495,333913,76784,4.348732,875.961703,21,folyamatban,"7 napos kattintásos vagy 1 napos megtekintéses",0,ABSOLUTE\_OCPM,2026-07-09T00:40:44+0200,Átlagos,Átlagos,"Átlag alatti – a hirdetések alsó 35%-a","Piknik a balatonon hajos (20e)",2.976803  
2023-06-17,2026-07-17,"2026\_05\_ SZERELmesek \_ csakma",not\_delivering,,,,"Kampányszintű költségkeret használata",0,0,0,0,0,0,,folyamatban,"7 napos kattintásos, 1 napos megtekintéses vagy 1 napos aktivitásos–megtekintéses",0,ABSOLUTE\_OCPM,2026-05-21T10:15:03+0200,–,–,–,"2026\_05 - szerelmesek \_ CSAKMA",  
2023-06-17,2026-07-17,"sunset bar",active,1048,actions:link\_click,32.39694656,1500,Napi,33952,182313,29390,6.203232,186.229177,,folyamatban,"7 napos kattintásos vagy 1 napos megtekintéses",0,ABSOLUTE\_OCPM,2026-07-13T09:55:03+0200,"Átlag feletti",Átlagos,Átlagos,"Traffic - Siófok",  
2023-06-17,2026-07-17,royal6,active,,,,1000,Napi,8315,7487,3600,2.079722,1110.591692,,folyamatban,"7 napos kattintásos vagy 1 napos megtekintéses",0,ABSOLUTE\_OCPM,2026-07-07T11:46:35+0200,Átlagos,–,–,"Legyél te a kapitány",  
2023-06-17,2026-07-17,royal5,active,,,,1000,Napi,2083,2015,1286,1.566874,1033.746898,,folyamatban,"7 napos kattintásos vagy 1 napos megtekintéses",0,ABSOLUTE\_OCPM,2026-07-07T11:46:35+0200,–,–,–,"Legyél te a kapitány",  
2023-06-17,2026-07-17,"image - deluxe piknik hajo",not\_delivering,,,,1000,Napi,1344,1981,1471,1.346703,678.44523,,folyamatban,"7 napos kattintásos, 1 napos megtekintéses vagy 1 napos aktivitásos–megtekintéses",0,ABSOLUTE\_OCPM,2026-07-07T12:00:45+0200,–,–,–,"image - dluxe piknik hajo",  
2023-06-17,2026-07-17,"Default name - Conversions – uj – Copy - Copy",inactive,,,,"Kampányszintű költségkeret használata",0,0,0,0,0,0,,folyamatban,"28 napos kattintásos vagy 1 napos megtekintéses",0,ABSOLUTE\_OCPM,0,–,–,–,"\[Siofok, BP\] - \[Szallas, Trivago,\]",  
2023-06-17,2026-07-17,"Új „Forgalom” hirdetés",inactive,,,,"Kampányszintű költségkeret használata",0,0,0,0,0,0,,folyamatban,"7 napos kattintásos vagy 1 napos megtekintéses",0,ABSOLUTE\_OCPM,0,–,–,–,Interest,  
2023-06-17,2026-07-17,"Új „Forgalom” hirdetés – másolat",inactive,,,,"Kampányszintű költségkeret használata",0,0,0,0,0,0,,folyamatban,"7 napos kattintásos vagy 1 napos megtekintéses",0,ABSOLUTE\_OCPM,0,–,–,–,Interest,  
2023-06-17,2026-07-17,ad1,not\_delivering,5187,actions:link\_click,11.13861577,"Kampányszintű költségkeret használata",0,57776,199323,82373,2.419761,289.86118,,folyamatban,"7 napos kattintásos vagy 1 napos megtekintéses",0,ABSOLUTE\_OCPM,0,–,–,–,Interest,  
2023-06-17,2026-07-17,"Új „Forgalom” hirdetés – másolat – másolat",inactive,,,,"Kampányszintű költségkeret használata",0,0,0,0,0,0,,folyamatban,"7 napos kattintásos vagy 1 napos megtekintéses",0,ABSOLUTE\_OCPM,0,–,–,–,Interest,  
2023-06-17,2026-07-17,"royalmediterran.hu - csomagajánlat carousel - rem 180",not\_delivering,,,,410,Napi,0,0,0,0,0,,folyamatban,"7 napos kattintásos vagy 1 napos megtekintéses",0,ABSOLUTE\_OCPM,0,–,–,–,"royalmediterran.hu - csomagajánlat carousel - rem 180",  
2023-06-17,2026-07-17,"csomagok\_all in oldalon jártak",not\_delivering,,,,365,Napi,0,0,0,0,0,,folyamatban,"7 napos kattintásos vagy 1 napos megtekintéses",0,ABSOLUTE\_OCPM,0,–,–,–,"csomagok\_all in oldalon jártak",  
2023-06-17,2026-07-17,"csomagok\_nászutas csomag oldalon jártak",not\_delivering,,,,365,Napi,0,0,0,0,0,,folyamatban,"7 napos kattintásos vagy 1 napos megtekintéses",0,ABSOLUTE\_OCPM,0,–,–,–,"csomagok\_nászutas csomag oldalon jártak",  
2023-06-17,2026-07-17,"csomagok\_romantika és feltöltődés oldalon jártak",not\_delivering,,,,365,Napi,0,0,0,0,0,,folyamatban,"7 napos kattintásos vagy 1 napos megtekintéses",0,ABSOLUTE\_OCPM,0,–,–,–,"csomagok\_romantika és feltöltődés oldalon jártak",  
2023-06-17,2026-07-17,"csomagok\_egészség csomag oldalon jártak",not\_delivering,,,,365,Napi,0,0,0,0,0,,folyamatban,"7 napos kattintásos vagy 1 napos megtekintéses",0,ABSOLUTE\_OCPM,0,–,–,–,"csomagok\_egészség csomag oldalon jártak",  
2023-06-17,2026-07-17,"csomagok\_ajándékutalvány oldalon jártak",not\_delivering,,,,365,Napi,0,0,0,0,0,,folyamatban,"7 napos kattintásos vagy 1 napos megtekintéses",0,ABSOLUTE\_OCPM,0,–,–,–,"csomagok\_ajándékutalvány oldalon jártak",  
2023-06-17,2026-07-17,"csomagok\_szerelmesek csomagja oldalon jártak",not\_delivering,,,,365,Napi,0,0,0,0,0,,folyamatban,"7 napos kattintásos vagy 1 napos megtekintéses",0,ABSOLUTE\_OCPM,0,–,–,–,"csomagok\_szerelmesek csomagja oldalon jártak",  
2023-06-17,2026-07-17,"Bejegyzés: „ð¤ð¥ Készülj a legénybúcsúra, ahol te lehetsz a...”",not\_delivering,6,actions:link\_click,309.83333333,"Kampányszintű költségkeret használata",0,1859,2709,939,2.884984,686.231082,,2023-06-23,"7 napos kattintásos vagy 1 napos megtekintéses",0,ABSOLUTE\_OCPM,0,–,–,–,"Bejegyzés: „ð¤ð¥ Készülj a legénybúcsúra, ahol te lehetsz a...”",  
2023-06-17,2026-07-17,"Bejegyzés: „ð¤ð¥ Készülj a lánybúcsúra, ahol egy hajón...”",not\_delivering,152,actions:link\_click,56.48026316,"Kampányszintű költségkeret használata",0,8585,12375,3840,3.222656,693.737374,,2023-06-23,"7 napos kattintásos vagy 1 napos megtekintéses",0,ABSOLUTE\_OCPM,0,–,–,–,"Bejegyzés: „ð¤ð¥ Készülj a lánybúcsúra, ahol egy hajón...”",  
2023-06-17,2026-07-17,"Bejegyzés: „ð¤ð¦ Kipróbálnád a hajóvezetést? ðð”",not\_delivering,218,actions:link\_click,59.55504587,"Kampányszintű költségkeret használata",0,12983,23307,8405,2.772992,557.042948,,2023-06-23,"7 napos kattintásos vagy 1 napos megtekintéses",0,ABSOLUTE\_OCPM,0,–,–,–,"Bejegyzés: „ð¤ð¦ Kipróbálnád a hajóvezetést? ðð”",  
2023-06-17,2026-07-17,"Videós hirdetés",not\_delivering,,,,"Kampányszintű költségkeret használata",0,0,0,0,0,0,,folyamatban,"7 napos kattintásos vagy 1 napos megtekintéses",0,ABSOLUTE\_OCPM,0,–,–,–,"Ide utazók - 10km",  
2023-06-17,2026-07-17,"Videós hirdetés",not\_delivering,,,,1000,Napi,0,0,0,0,0,,folyamatban,"7 napos kattintásos vagy 1 napos megtekintéses",0,ABSOLUTE\_OCPM,0,–,–,–,"Ide utazók - 10km",  
2023-06-17,2026-07-17,"Videós hirdetés",not\_delivering,329851,video\_thruplay\_watched\_actions,0.22600508,"Kampányszintű költségkeret használata",0,74548,334144,43795,7.629729,223.101417,,folyamatban,"7 napos kattintásos vagy 1 napos megtekintéses",0,ABSOLUTE\_OCPM,0,–,–,–,"Ide utazók - 10km",  
2023-06-17,2026-07-17,"Bejegyzés: „10 fős engedély nélkül vezethető katamaránunk...”",not\_delivering,182,actions:link\_click,84.26923077,"Kampányszintű költségkeret használata",0,15337,27512,6586,4.177346,557.465833,,2023-08-20,"7 napos kattintásos vagy 1 napos megtekintéses",0,ABSOLUTE\_OCPM,0,–,–,–,Interest\_Hajó,  
2023-06-17,2026-07-17,ad2,not\_delivering,,,,"Kampányszintű költségkeret használata",0,0,0,0,0,0,,folyamatban,"7 napos kattintásos vagy 1 napos megtekintéses",0,ABSOLUTE\_OCPM,0,–,–,–,Interest,  
2023-06-17,2026-07-17,"Új „Forgalom” hirdetés – másolat – másolat",inactive,,,,400,Napi,0,0,0,0,0,,folyamatban,"7 napos kattintásos vagy 1 napos megtekintéses",0,ABSOLUTE\_OCPM,2024-08-23T12:16:48+0200,–,–,–,Interest,  
2023-06-17,2026-07-17,"Új „Forgalom” hirdetés",inactive,,,,400,Napi,0,0,0,0,0,,folyamatban,"7 napos kattintásos vagy 1 napos megtekintéses",0,ABSOLUTE\_OCPM,2024-08-23T12:16:48+0200,–,–,–,Interest,  
2023-06-17,2026-07-17,ad2,inactive,12,actions:link\_click,19.41666667,400,Napi,233,1118,877,1.2748,208.407871,,folyamatban,"7 napos kattintásos vagy 1 napos megtekintéses",0,ABSOLUTE\_OCPM,2024-08-23T12:16:48+0200,–,–,–,Interest,  
2023-06-17,2026-07-17,"2024\_05 - 50k",inactive,4066,actions:link\_click,6.20314806,400,Napi,25222,92014,46359,1.984814,274.110461,,folyamatban,"7 napos kattintásos vagy 1 napos megtekintéses",0,ABSOLUTE\_OCPM,2024-08-23T12:16:48+0200,–,–,–,broad,  
2023-06-17,2026-07-17,"2024\_06\_szerelmesek\_55e - Copy 2",not\_delivering,10709,actions:link\_click,8.01988981,400,Napi,85885,399148,202373,1.972338,215.170814,,folyamatban,"7 napos kattintásos vagy 1 napos megtekintéses",0,ABSOLUTE\_OCPM,2024-08-23T12:16:48+0200,–,–,–,broad,  
2023-06-17,2026-07-17,11\_BF\_30e,inactive,59,actions:link\_click,15.15254237,400,Napi,894,1551,1432,1.083101,576.402321,,folyamatban,"7 napos kattintásos vagy 1 napos megtekintéses",0,ABSOLUTE\_OCPM,2024-08-23T12:16:48+0200,–,–,–,broad,  
2023-06-17,2026-07-17,09\_oszikedvezmenyes,inactive,,,,400,Napi,0,0,0,0,0,,folyamatban,"7 napos kattintásos vagy 1 napos megtekintéses",0,ABSOLUTE\_OCPM,2024-08-23T12:16:48+0200,–,–,–,broad,  
2023-06-17,2026-07-17,"Új „Forgalom” hirdetés – másolat",inactive,,,,400,Napi,0,0,0,0,0,,folyamatban,"7 napos kattintásos vagy 1 napos megtekintéses",0,ABSOLUTE\_OCPM,2024-08-23T12:16:48+0200,–,–,–,broad,  
2023-06-17,2026-07-17,ad2,inactive,1,actions:link\_click,64,400,Napi,64,579,441,1.312925,110.535406,,folyamatban,"7 napos kattintásos vagy 1 napos megtekintéses",0,ABSOLUTE\_OCPM,2024-08-23T12:16:48+0200,–,–,–,broad,  
2023-06-17,2026-07-17,"Új „Forgalom” hirdetés",inactive,7706,actions:link\_click,7.41603945,400,Napi,57148,210994,104218,2.024545,270.851304,,folyamatban,"7 napos kattintásos vagy 1 napos megtekintéses",0,ABSOLUTE\_OCPM,2024-08-23T12:16:48+0200,–,–,–,broad,  
2023-06-17,2026-07-17,ad1,inactive,2119,actions:link\_click,12.98348277,400,Napi,27512,85043,42609,1.995893,323.506932,,folyamatban,"7 napos kattintásos vagy 1 napos megtekintéses",0,ABSOLUTE\_OCPM,2024-08-23T12:16:48+0200,–,–,–,broad,  
2023-06-17,2026-07-17,"Új „Forgalom” hirdetés – másolat – másolat",inactive,,,,400,Napi,0,0,0,0,0,,folyamatban,"7 napos kattintásos vagy 1 napos megtekintéses",0,ABSOLUTE\_OCPM,2024-08-23T12:16:48+0200,–,–,–,broad,  
2023-06-17,2026-07-17,11\_BF\_30e\_v2,inactive,619,actions:link\_click,10.94022617,400,Napi,6772,19399,12883,1.505783,349.090159,2,folyamatban,"7 napos kattintásos vagy 1 napos megtekintéses",0,ABSOLUTE\_OCPM,2024-08-23T12:16:48+0200,–,–,–,broad,4.452156  
2023-06-17,2026-07-17,"2023\_karacsony\_35e – másolat",inactive,491,actions:link\_click,20.73930754,400,Napi,10183,39769,28853,1.378332,256.05371,2,folyamatban,"7 napos kattintásos vagy 1 napos megtekintéses",0,ABSOLUTE\_OCPM,2024-08-23T12:16:48+0200,–,–,–,broad,3.550034  
2023-06-17,2026-07-17,2024\_02\_valentin,inactive,389,actions:link\_click,9.52699229,400,Napi,3706,15893,11050,1.438281,233.184421,2,folyamatban,"7 napos kattintásos vagy 1 napos megtekintéses",0,ABSOLUTE\_OCPM,2024-08-23T12:16:48+0200,–,–,–,broad,9.686994  
2023-06-17,2026-07-17,2024\_02\_valentin\_utolsó,inactive,254,actions:link\_click,13.51968504,400,Napi,3434,13048,11574,1.127354,263.182097,,folyamatban,"7 napos kattintásos vagy 1 napos megtekintéses",0,ABSOLUTE\_OCPM,2024-08-23T12:16:48+0200,–,–,–,broad,  
2023-06-17,2026-07-17,recepciós\_férfi,not\_delivering,56,actions:leadgen.other,557.75,"Kampányszintű költségkeret használata",0,31234,36186,8477,4.268727,863.151495,,2025-06-06,"7 napos kattintásos vagy 1 napos megtekintéses",0,ABSOLUTE\_OCPM,2024-07-26T12:53:36+0200,–,–,–,"Siófok +15km",  
2023-06-17,2026-07-17,recepciós\_női,not\_delivering,15,actions:leadgen.other,520.33333333,"Kampányszintű költségkeret használata",0,7805,9119,3588,2.541527,855.905253,,2025-06-06,"7 napos kattintásos vagy 1 napos megtekintéses",0,ABSOLUTE\_OCPM,2024-07-26T12:53:36+0200,–,–,–,"Siófok +15km",  
2023-06-17,2026-07-17,üzletvezető,not\_delivering,29,actions:leadgen.other,420.10344828,"Kampányszintű költségkeret használata",0,12183,17438,6359,2.742255,698.646634,,2024-08-02,"7 napos kattintásos vagy 1 napos megtekintéses",0,ABSOLUTE\_OCPM,0,–,–,–,"Siófok +15km",  
2023-06-17,2026-07-17,"2025\_12 - karácsonyi penthouse",inactive,10,actions:offsite\_conversion.fb\_pixel\_purchase,8090.6,25000,Napi,80906,55520,35988,1.542736,1457.240634,10,2025-12-24,"7 napos kattintásos vagy 1 napos megtekintéses",0,ABSOLUTE\_OCPM,0,–,–,–,"2025\_12\_karácsonyi\_ Penthouse (100e) -",9.897906  
2023-06-17,2026-07-17,"2025\_12 - karácsonyi penthouse - v2",not\_delivering,13,actions:offsite\_conversion.fb\_pixel\_purchase,10511.15384615,25000,Napi,136645,120510,79884,1.508562,1133.889304,13,2025-12-24,"7 napos kattintásos vagy 1 napos megtekintéses",0,ABSOLUTE\_OCPM,0,–,–,–,"2025\_12\_karácsonyi\_ Penthouse (100e) -",10.115994  
2023-06-17,2026-07-17,"2026\_02 deluxe 99e",not\_delivering,385,actions:link\_click,14.74805195,7000,Napi,5678,14540,13399,1.085156,390.508941,,2026-02-10,"7 napos kattintásos vagy 1 napos megtekintéses",0,ABSOLUTE\_OCPM,0,–,–,–